MJD;Year;Month;Day;Type;x_pole;sigma_x_pole;y_pole;sigma_y_pole;x_rate;sigma_x_rate;y_rate;sigma_y_rate;Type;UT1-UTC;sigma_UT1-UTC;LOD;sigma_LOD;Type;dPsi;sigma_dPsi;dEpsilon;sigma_dEpsilon;dX;sigma_dX;dY;sigma_dY
60924;2025;09;06;;;;;;;;;;;;;;;rapid;-121.62;0.87;-10.55;0.18;0.444;0.348;-0.095;0.183
60925;2025;09;07;;;;;;;;;;;;;;;rapid;-121.85;0.78;-10.48;0.21;0.402;0.309;-0.128;0.205
60926;2025;09;08;;;;;;;;;;;;;;;rapid;-122.06;0.78;-10.38;0.21;0.358;0.309;-0.162;0.205
60927;2025;09;09;;;;;;;;;;;;;;;rapid;-122.33;0.70;-10.34;0.22;0.313;0.278;-0.196;0.221
60937;2025;09;19;rapid;0.23310;.00009;0.36277;.00009;;;;;rapid;0.090479;0.000015;;;;;;;;;;;
60938;2025;09;20;rapid;0.23272;.00009;0.36099;.00009;;;;;rapid;0.090433;0.000016;;;;;;;;;;;
60939;2025;09;21;rapid;0.23232;.00009;0.35931;.00009;;;;;rapid;0.090176;0.000016;;;;;;;;;;;
60940;2025;09;22;rapid;0.23187;.00009;0.35768;.00009;;;;;rapid;0.089888;0.000015;;;;;;;;;;;
60941;2025;09;23;rapid;0.23153;.00009;0.35613;.00009;;;;;rapid;0.089697;0.000015;;;;;;;;;;;
60942;2025;09;24;rapid;0.23117;.00009;0.35480;.00009;;;;;rapid;0.089645;0.000014;;;;;;;;;;;
60943;2025;09;25;rapid;0.23050;.00009;0.35345;.00009;;;;;rapid;0.089753;0.000009;;;;;;;;;;;
60944;2025;09;26;prediction;0.2299;;0.3521;;;;;;prediction;0.08998;;;;;;;;;;;;
60945;2025;09;27;prediction;0.2292;;0.3507;;;;;;prediction;0.09037;;;;;;;;;;;;
60946;2025;09;28;prediction;0.2285;;0.3493;;;;;;prediction;0.09095;;;;;;;;;;;;
60947;2025;09;29;prediction;0.2278;;0.3479;;;;;;prediction;0.09164;;;;;;;;;;;;
60948;2025;09;30;prediction;0.2272;;0.3466;;;;;;prediction;0.09238;;;;;;;;;;;;
60949;2025;10;01;prediction;0.2265;;0.3453;;;;;;prediction;0.09307;;;;;;;;;;;;
60950;2025;10;02;prediction;0.2259;;0.3440;;;;;;prediction;0.09360;;;;;;;;;;;;
60951;2025;10;03;prediction;0.2252;;0.3428;;;;;;prediction;0.09389;;;;;;;;;;;;
60952;2025;10;04;prediction;0.2245;;0.3416;;;;;;prediction;0.09386;;;;;;;;;;;;
60953;2025;10;05;prediction;0.2238;;0.3404;;;;;;prediction;0.09350;;;;;;;;;;;;
60954;2025;10;06;prediction;0.2231;;0.3392;;;;;;prediction;0.09286;;;;;;;;;;;;
60955;2025;10;07;prediction;0.2223;;0.3381;;;;;;prediction;0.09208;;;;;;;;;;;;
60956;2025;10;08;prediction;0.2216;;0.3369;;;;;;prediction;0.09138;;;;;;;;;;;;
60957;2025;10;09;prediction;0.2208;;0.3358;;;;;;prediction;0.09090;;;;;;;;;;;;
60958;2025;10;10;prediction;0.2200;;0.3346;;;;;;prediction;0.09071;;;;;;;;;;;;
60959;2025;10;11;prediction;0.2192;;0.3335;;;;;;prediction;0.09078;;;;;;;;;;;;
60960;2025;10;12;prediction;0.2183;;0.3324;;;;;;prediction;0.09104;;;;;;;;;;;;
60961;2025;10;13;prediction;0.2175;;0.3313;;;;;;prediction;0.09133;;;;;;;;;;;;
60962;2025;10;14;prediction;0.2166;;0.3302;;;;;;prediction;0.09153;;;;;;;;;;;;
60963;2025;10;15;prediction;0.2157;;0.3292;;;;;;prediction;0.09155;;;;;;;;;;;;
60964;2025;10;16;prediction;0.2148;;0.3281;;;;;;prediction;0.09137;;;;;;;;;;;;
60965;2025;10;17;prediction;0.2138;;0.3271;;;;;;prediction;0.09101;;;;;;;;;;;;
60966;2025;10;18;prediction;0.2129;;0.3261;;;;;;prediction;0.09051;;;;;;;;;;;;
60967;2025;10;19;prediction;0.2119;;0.3251;;;;;;prediction;0.08994;;;;;;;;;;;;
60968;2025;10;20;prediction;0.2109;;0.3241;;;;;;prediction;0.08938;;;;;;;;;;;;
60969;2025;10;21;prediction;0.2099;;0.3231;;;;;;prediction;0.08890;;;;;;;;;;;;
60970;2025;10;22;prediction;0.2089;;0.3221;;;;;;prediction;0.08857;;;;;;;;;;;;
60971;2025;10;23;prediction;0.2078;;0.3211;;;;;;prediction;0.08843;;;;;;;;;;;;
60972;2025;10;24;prediction;0.2068;;0.3202;;;;;;prediction;0.08850;;;;;;;;;;;;
60973;2025;10;25;prediction;0.2057;;0.3193;;;;;;prediction;0.08872;;;;;;;;;;;;
60974;2025;10;26;prediction;0.2046;;0.3184;;;;;;prediction;0.08906;;;;;;;;;;;;
60975;2025;10;27;prediction;0.2035;;0.3175;;;;;;prediction;0.08942;;;;;;;;;;;;
60976;2025;10;28;prediction;0.2023;;0.3166;;;;;;prediction;0.08974;;;;;;;;;;;;
60977;2025;10;29;prediction;0.2012;;0.3158;;;;;;prediction;0.08993;;;;;;;;;;;;
60978;2025;10;30;prediction;0.2000;;0.3149;;;;;;prediction;0.08992;;;;;;;;;;;;
60979;2025;10;31;prediction;0.1988;;0.3141;;;;;;prediction;0.08964;;;;;;;;;;;;
60980;2025;11;01;prediction;0.1976;;0.3133;;;;;;prediction;0.08905;;;;;;;;;;;;
60981;2025;11;02;prediction;0.1964;;0.3125;;;;;;prediction;0.08820;;;;;;;;;;;;
60982;2025;11;03;prediction;0.1952;;0.3118;;;;;;prediction;0.08718;;;;;;;;;;;;
60983;2025;11;04;prediction;0.1939;;0.3110;;;;;;prediction;0.08614;;;;;;;;;;;;
60984;2025;11;05;prediction;0.1926;;0.3103;;;;;;prediction;0.08524;;;;;;;;;;;;
60985;2025;11;06;prediction;0.1914;;0.3096;;;;;;prediction;0.08460;;;;;;;;;;;;
60986;2025;11;07;prediction;0.1901;;0.3089;;;;;;prediction;0.08426;;;;;;;;;;;;
60987;2025;11;08;prediction;0.1888;;0.3082;;;;;;prediction;0.08416;;;;;;;;;;;;
60988;2025;11;09;prediction;0.1875;;0.3076;;;;;;prediction;0.08416;;;;;;;;;;;;
60989;2025;11;10;prediction;0.1861;;0.3070;;;;;;prediction;0.08412;;;;;;;;;;;;
60990;2025;11;11;prediction;0.1848;;0.3064;;;;;;prediction;0.08392;;;;;;;;;;;;
60991;2025;11;12;prediction;0.1834;;0.3058;;;;;;prediction;0.08353;;;;;;;;;;;;
60992;2025;11;13;prediction;0.1821;;0.3052;;;;;;prediction;0.08295;;;;;;;;;;;;
60993;2025;11;14;prediction;0.1807;;0.3047;;;;;;prediction;0.08223;;;;;;;;;;;;
60994;2025;11;15;prediction;0.1793;;0.3041;;;;;;prediction;0.08146;;;;;;;;;;;;
60995;2025;11;16;prediction;0.1779;;0.3036;;;;;;prediction;0.08070;;;;;;;;;;;;
60996;2025;11;17;prediction;0.1765;;0.3032;;;;;;prediction;0.08004;;;;;;;;;;;;
60997;2025;11;18;prediction;0.1751;;0.3027;;;;;;prediction;0.07951;;;;;;;;;;;;
60998;2025;11;19;prediction;0.1736;;0.3023;;;;;;prediction;0.07917;;;;;;;;;;;;
60999;2025;11;20;prediction;0.1722;;0.3018;;;;;;prediction;0.07903;;;;;;;;;;;;
61000;2025;11;21;prediction;0.1708;;0.3015;;;;;;prediction;0.07907;;;;;;;;;;;;
61001;2025;11;22;prediction;0.1693;;0.3011;;;;;;prediction;0.07926;;;;;;;;;;;;
61002;2025;11;23;prediction;0.1679;;0.3007;;;;;;prediction;0.07952;;;;;;;;;;;;
61003;2025;11;24;prediction;0.1664;;0.3004;;;;;;prediction;0.07978;;;;;;;;;;;;
61004;2025;11;25;prediction;0.1649;;0.3001;;;;;;prediction;0.07996;;;;;;;;;;;;
61005;2025;11;26;prediction;0.1635;;0.2998;;;;;;prediction;0.07998;;;;;;;;;;;;
61006;2025;11;27;prediction;0.1620;;0.2996;;;;;;prediction;0.07977;;;;;;;;;;;;
61007;2025;11;28;prediction;0.1605;;0.2993;;;;;;prediction;0.07930;;;;;;;;;;;;
61008;2025;11;29;prediction;0.1590;;0.2991;;;;;;prediction;0.07860;;;;;;;;;;;;
61009;2025;11;30;prediction;0.1575;;0.2989;;;;;;prediction;0.07771;;;;;;;;;;;;
61010;2025;12;01;prediction;0.1560;;0.2988;;;;;;prediction;0.07675;;;;;;;;;;;;
61011;2025;12;02;prediction;0.1545;;0.2986;;;;;;prediction;0.07588;;;;;;;;;;;;
61012;2025;12;03;prediction;0.1530;;0.2985;;;;;;prediction;0.07523;;;;;;;;;;;;
61013;2025;12;04;prediction;0.1515;;0.2984;;;;;;prediction;0.07488;;;;;;;;;;;;
61014;2025;12;05;prediction;0.1500;;0.2983;;;;;;prediction;0.07481;;;;;;;;;;;;
61015;2025;12;06;prediction;0.1485;;0.2983;;;;;;prediction;0.07492;;;;;;;;;;;;
61016;2025;12;07;prediction;0.1470;;0.2983;;;;;;prediction;0.07505;;;;;;;;;;;;
61017;2025;12;08;prediction;0.1455;;0.2983;;;;;;prediction;0.07506;;;;;;;;;;;;
61018;2025;12;09;prediction;0.1440;;0.2983;;;;;;prediction;0.07488;;;;;;;;;;;;
61019;2025;12;10;prediction;0.1425;;0.2983;;;;;;prediction;0.07450;;;;;;;;;;;;
61020;2025;12;11;prediction;0.1410;;0.2984;;;;;;prediction;0.07397;;;;;;;;;;;;
61021;2025;12;12;prediction;0.1395;;0.2985;;;;;;prediction;0.07337;;;;;;;;;;;;
61022;2025;12;13;prediction;0.1380;;0.2986;;;;;;prediction;0.07278;;;;;;;;;;;;
61023;2025;12;14;prediction;0.1365;;0.2987;;;;;;prediction;0.07228;;;;;;;;;;;;
61024;2025;12;15;prediction;0.1350;;0.2989;;;;;;prediction;0.07192;;;;;;;;;;;;
61025;2025;12;16;prediction;0.1335;;0.2991;;;;;;prediction;0.07174;;;;;;;;;;;;
61026;2025;12;17;prediction;0.1321;;0.2993;;;;;;prediction;0.07176;;;;;;;;;;;;
61027;2025;12;18;prediction;0.1306;;0.2995;;;;;;prediction;0.07196;;;;;;;;;;;;
61028;2025;12;19;prediction;0.1291;;0.2998;;;;;;prediction;0.07232;;;;;;;;;;;;
61029;2025;12;20;prediction;0.1276;;0.3001;;;;;;prediction;0.07277;;;;;;;;;;;;
61030;2025;12;21;prediction;0.1262;;0.3004;;;;;;prediction;0.07324;;;;;;;;;;;;
61031;2025;12;22;prediction;0.1247;;0.3007;;;;;;prediction;0.07363;;;;;;;;;;;;
61032;2025;12;23;prediction;0.1233;;0.3010;;;;;;prediction;0.07389;;;;;;;;;;;;
61033;2025;12;24;prediction;0.1218;;0.3014;;;;;;prediction;0.07395;;;;;;;;;;;;
61034;2025;12;25;prediction;0.1204;;0.3018;;;;;;prediction;0.07379;;;;;;;;;;;;
61035;2025;12;26;prediction;0.1190;;0.3022;;;;;;prediction;0.07339;;;;;;;;;;;;
61036;2025;12;27;prediction;0.1175;;0.3026;;;;;;prediction;0.07283;;;;;;;;;;;;
61037;2025;12;28;prediction;0.1161;;0.3031;;;;;;prediction;0.07220;;;;;;;;;;;;
61038;2025;12;29;prediction;0.1147;;0.3036;;;;;;prediction;0.07161;;;;;;;;;;;;
61039;2025;12;30;prediction;0.1133;;0.3041;;;;;;prediction;0.07119;;;;;;;;;;;;
61040;2025;12;31;prediction;0.1120;;0.3046;;;;;;prediction;0.07102;;;;;;;;;;;;
61041;2026;01;01;prediction;0.1106;;0.3051;;;;;;prediction;0.07113;;;;;;;;;;;;
61042;2026;01;02;prediction;0.1092;;0.3057;;;;;;prediction;0.07145;;;;;;;;;;;;
61043;2026;01;03;prediction;0.1079;;0.3063;;;;;;prediction;0.07184;;;;;;;;;;;;
61044;2026;01;04;prediction;0.1066;;0.3069;;;;;;prediction;0.07217;;;;;;;;;;;;
61045;2026;01;05;prediction;0.1052;;0.3075;;;;;;prediction;0.07231;;;;;;;;;;;;
61046;2026;01;06;prediction;0.1039;;0.3081;;;;;;prediction;0.07222;;;;;;;;;;;;
61047;2026;01;07;prediction;0.1027;;0.3088;;;;;;prediction;0.07194;;;;;;;;;;;;
61048;2026;01;08;prediction;0.1014;;0.3095;;;;;;prediction;0.07155;;;;;;;;;;;;
61049;2026;01;09;prediction;0.1001;;0.3102;;;;;;prediction;0.07113;;;;;;;;;;;;
61050;2026;01;10;prediction;0.0989;;0.3109;;;;;;prediction;0.07079;;;;;;;;;;;;
61051;2026;01;11;prediction;0.0976;;0.3117;;;;;;prediction;0.07059;;;;;;;;;;;;
61052;2026;01;12;prediction;0.0964;;0.3125;;;;;;prediction;0.07054;;;;;;;;;;;;
61053;2026;01;13;prediction;0.0952;;0.3132;;;;;;prediction;0.07068;;;;;;;;;;;;
61054;2026;01;14;prediction;0.0940;;0.3140;;;;;;prediction;0.07101;;;;;;;;;;;;
61055;2026;01;15;prediction;0.0928;;0.3149;;;;;;prediction;0.07148;;;;;;;;;;;;
61056;2026;01;16;prediction;0.0917;;0.3157;;;;;;prediction;0.07206;;;;;;;;;;;;
61057;2026;01;17;prediction;0.0905;;0.3166;;;;;;prediction;0.07266;;;;;;;;;;;;
61058;2026;01;18;prediction;0.0894;;0.3175;;;;;;prediction;0.07320;;;;;;;;;;;;
61059;2026;01;19;prediction;0.0883;;0.3183;;;;;;prediction;0.07359;;;;;;;;;;;;
61060;2026;01;20;prediction;0.0872;;0.3193;;;;;;prediction;0.07378;;;;;;;;;;;;
61061;2026;01;21;prediction;0.0862;;0.3202;;;;;;prediction;0.07372;;;;;;;;;;;;
61062;2026;01;22;prediction;0.0851;;0.3211;;;;;;prediction;0.07342;;;;;;;;;;;;
61063;2026;01;23;prediction;0.0841;;0.3221;;;;;;prediction;0.07293;;;;;;;;;;;;
61064;2026;01;24;prediction;0.0831;;0.3231;;;;;;prediction;0.07235;;;;;;;;;;;;
61065;2026;01;25;prediction;0.0821;;0.3241;;;;;;prediction;0.07180;;;;;;;;;;;;
61066;2026;01;26;prediction;0.0811;;0.3251;;;;;;prediction;0.07139;;;;;;;;;;;;
61067;2026;01;27;prediction;0.0802;;0.3261;;;;;;prediction;0.07120;;;;;;;;;;;;
61068;2026;01;28;prediction;0.0793;;0.3271;;;;;;prediction;0.07127;;;;;;;;;;;;
61069;2026;01;29;prediction;0.0784;;0.3282;;;;;;prediction;0.07154;;;;;;;;;;;;
61070;2026;01;30;prediction;0.0775;;0.3293;;;;;;prediction;0.07191;;;;;;;;;;;;
61071;2026;01;31;prediction;0.0766;;0.3304;;;;;;prediction;0.07225;;;;;;;;;;;;
61072;2026;02;01;prediction;0.0758;;0.3314;;;;;;prediction;0.07242;;;;;;;;;;;;
61073;2026;02;02;prediction;0.0749;;0.3326;;;;;;prediction;0.07235;;;;;;;;;;;;
61074;2026;02;03;prediction;0.0741;;0.3337;;;;;;prediction;0.07203;;;;;;;;;;;;
61075;2026;02;04;prediction;0.0734;;0.3348;;;;;;prediction;0.07153;;;;;;;;;;;;
61076;2026;02;05;prediction;0.0726;;0.3360;;;;;;prediction;0.07094;;;;;;;;;;;;
61077;2026;02;06;prediction;0.0719;;0.3371;;;;;;prediction;0.07039;;;;;;;;;;;;
61078;2026;02;07;prediction;0.0712;;0.3383;;;;;;prediction;0.06995;;;;;;;;;;;;
61079;2026;02;08;prediction;0.0705;;0.3395;;;;;;prediction;0.06967;;;;;;;;;;;;
61080;2026;02;09;prediction;0.0698;;0.3407;;;;;;prediction;0.06959;;;;;;;;;;;;
61081;2026;02;10;prediction;0.0692;;0.3419;;;;;;prediction;0.06969;;;;;;;;;;;;
61082;2026;02;11;prediction;0.0686;;0.3431;;;;;;prediction;0.06997;;;;;;;;;;;;
61083;2026;02;12;prediction;0.0680;;0.3443;;;;;;prediction;0.07035;;;;;;;;;;;;
61084;2026;02;13;prediction;0.0674;;0.3455;;;;;;prediction;0.07077;;;;;;;;;;;;
61085;2026;02;14;prediction;0.0669;;0.3468;;;;;;prediction;0.07116;;;;;;;;;;;;
61086;2026;02;15;prediction;0.0664;;0.3480;;;;;;prediction;0.07141;;;;;;;;;;;;
61087;2026;02;16;prediction;0.0659;;0.3493;;;;;;prediction;0.07146;;;;;;;;;;;;
61088;2026;02;17;prediction;0.0654;;0.3506;;;;;;prediction;0.07125;;;;;;;;;;;;
61089;2026;02;18;prediction;0.0650;;0.3518;;;;;;prediction;0.07077;;;;;;;;;;;;
61090;2026;02;19;prediction;0.0646;;0.3531;;;;;;prediction;0.07007;;;;;;;;;;;;
61091;2026;02;20;prediction;0.0642;;0.3544;;;;;;prediction;0.06924;;;;;;;;;;;;
61092;2026;02;21;prediction;0.0638;;0.3557;;;;;;prediction;0.06840;;;;;;;;;;;;
61093;2026;02;22;prediction;0.0635;;0.3570;;;;;;prediction;0.06769;;;;;;;;;;;;
61094;2026;02;23;prediction;0.0632;;0.3583;;;;;;prediction;0.06721;;;;;;;;;;;;
61095;2026;02;24;prediction;0.0629;;0.3596;;;;;;prediction;0.06698;;;;;;;;;;;;
61096;2026;02;25;prediction;0.0627;;0.3609;;;;;;prediction;0.06698;;;;;;;;;;;;
61097;2026;02;26;prediction;0.0624;;0.3622;;;;;;prediction;0.06711;;;;;;;;;;;;
61098;2026;02;27;prediction;0.0622;;0.3636;;;;;;prediction;0.06724;;;;;;;;;;;;
61099;2026;02;28;prediction;0.0620;;0.3649;;;;;;prediction;0.06724;;;;;;;;;;;;
61100;2026;03;01;prediction;0.0619;;0.3662;;;;;;prediction;0.06703;;;;;;;;;;;;
61101;2026;03;02;prediction;0.0618;;0.3675;;;;;;prediction;0.06656;;;;;;;;;;;;
61102;2026;03;03;prediction;0.0617;;0.3689;;;;;;prediction;0.06588;;;;;;;;;;;;
61103;2026;03;04;prediction;0.0616;;0.3702;;;;;;prediction;0.06506;;;;;;;;;;;;
61104;2026;03;05;prediction;0.0615;;0.3716;;;;;;prediction;0.06421;;;;;;;;;;;;
61105;2026;03;06;prediction;0.0615;;0.3729;;;;;;prediction;0.06344;;;;;;;;;;;;
61106;2026;03;07;prediction;0.0615;;0.3742;;;;;;prediction;0.06282;;;;;;;;;;;;
61107;2026;03;08;prediction;0.0616;;0.3756;;;;;;prediction;0.06239;;;;;;;;;;;;
61108;2026;03;09;prediction;0.0616;;0.3769;;;;;;prediction;0.06216;;;;;;;;;;;;
61109;2026;03;10;prediction;0.0617;;0.3782;;;;;;prediction;0.06211;;;;;;;;;;;;
61110;2026;03;11;prediction;0.0618;;0.3796;;;;;;prediction;0.06220;;;;;;;;;;;;
61111;2026;03;12;prediction;0.0619;;0.3809;;;;;;prediction;0.06236;;;;;;;;;;;;
61112;2026;03;13;prediction;0.0621;;0.3822;;;;;;prediction;0.06251;;;;;;;;;;;;
61113;2026;03;14;prediction;0.0623;;0.3836;;;;;;prediction;0.06257;;;;;;;;;;;;
61114;2026;03;15;prediction;0.0625;;0.3849;;;;;;prediction;0.06245;;;;;;;;;;;;
61115;2026;03;16;prediction;0.0628;;0.3862;;;;;;prediction;0.06209;;;;;;;;;;;;
61116;2026;03;17;prediction;0.0630;;0.3876;;;;;;prediction;0.06145;;;;;;;;;;;;
61117;2026;03;18;prediction;0.0633;;0.3889;;;;;;prediction;0.06055;;;;;;;;;;;;
61118;2026;03;19;prediction;0.0636;;0.3902;;;;;;prediction;0.05946;;;;;;;;;;;;
61119;2026;03;20;prediction;0.0640;;0.3915;;;;;;prediction;0.05832;;;;;;;;;;;;
61120;2026;03;21;prediction;0.0644;;0.3928;;;;;;prediction;0.05725;;;;;;;;;;;;
61121;2026;03;22;prediction;0.0648;;0.3941;;;;;;prediction;0.05641;;;;;;;;;;;;
61122;2026;03;23;prediction;0.0652;;0.3954;;;;;;prediction;0.05583;;;;;;;;;;;;
61123;2026;03;24;prediction;0.0656;;0.3967;;;;;;prediction;0.05551;;;;;;;;;;;;
61124;2026;03;25;prediction;0.0661;;0.3979;;;;;;prediction;0.05536;;;;;;;;;;;;
61125;2026;03;26;prediction;0.0666;;0.3992;;;;;;prediction;0.05524;;;;;;;;;;;;
61126;2026;03;27;prediction;0.0671;;0.4005;;;;;;prediction;0.05502;;;;;;;;;;;;
61127;2026;03;28;prediction;0.0677;;0.4017;;;;;;prediction;0.05460;;;;;;;;;;;;
61128;2026;03;29;prediction;0.0683;;0.4030;;;;;;prediction;0.05394;;;;;;;;;;;;
61129;2026;03;30;prediction;0.0689;;0.4042;;;;;;prediction;0.05304;;;;;;;;;;;;
61130;2026;03;31;prediction;0.0695;;0.4055;;;;;;prediction;0.05197;;;;;;;;;;;;
61131;2026;04;01;prediction;0.0701;;0.4067;;;;;;prediction;0.05083;;;;;;;;;;;;
61132;2026;04;02;prediction;0.0708;;0.4079;;;;;;prediction;0.04972;;;;;;;;;;;;
61133;2026;04;03;prediction;0.0715;;0.4091;;;;;;prediction;0.04875;;;;;;;;;;;;
61134;2026;04;04;prediction;0.0722;;0.4103;;;;;;prediction;0.04798;;;;;;;;;;;;
61135;2026;04;05;prediction;0.0730;;0.4115;;;;;;prediction;0.04747;;;;;;;;;;;;
61136;2026;04;06;prediction;0.0737;;0.4126;;;;;;prediction;0.04721;;;;;;;;;;;;
61137;2026;04;07;prediction;0.0745;;0.4138;;;;;;prediction;0.04717;;;;;;;;;;;;
61138;2026;04;08;prediction;0.0753;;0.4149;;;;;;prediction;0.04728;;;;;;;;;;;;
61139;2026;04;09;prediction;0.0762;;0.4161;;;;;;prediction;0.04747;;;;;;;;;;;;
61140;2026;04;10;prediction;0.0770;;0.4172;;;;;;prediction;0.04765;;;;;;;;;;;;
61141;2026;04;11;prediction;0.0779;;0.4183;;;;;;prediction;0.04772;;;;;;;;;;;;
61142;2026;04;12;prediction;0.0788;;0.4194;;;;;;prediction;0.04761;;;;;;;;;;;;
61143;2026;04;13;prediction;0.0797;;0.4205;;;;;;prediction;0.04727;;;;;;;;;;;;
61144;2026;04;14;prediction;0.0806;;0.4215;;;;;;prediction;0.04669;;;;;;;;;;;;
61145;2026;04;15;prediction;0.0816;;0.4226;;;;;;prediction;0.04590;;;;;;;;;;;;
61146;2026;04;16;prediction;0.0826;;0.4236;;;;;;prediction;0.04499;;;;;;;;;;;;
61147;2026;04;17;prediction;0.0836;;0.4246;;;;;;prediction;0.04412;;;;;;;;;;;;
61148;2026;04;18;prediction;0.0846;;0.4257;;;;;;prediction;0.04342;;;;;;;;;;;;
61149;2026;04;19;prediction;0.0856;;0.4266;;;;;;prediction;0.04299;;;;;;;;;;;;
61150;2026;04;20;prediction;0.0867;;0.4276;;;;;;prediction;0.04287;;;;;;;;;;;;
61151;2026;04;21;prediction;0.0878;;0.4286;;;;;;prediction;0.04298;;;;;;;;;;;;
61152;2026;04;22;prediction;0.0889;;0.4295;;;;;;prediction;0.04320;;;;;;;;;;;;
61153;2026;04;23;prediction;0.0900;;0.4304;;;;;;prediction;0.04341;;;;;;;;;;;;
61154;2026;04;24;prediction;0.0911;;0.4314;;;;;;prediction;0.04350;;;;;;;;;;;;
61155;2026;04;25;prediction;0.0923;;0.4322;;;;;;prediction;0.04339;;;;;;;;;;;;
61156;2026;04;26;prediction;0.0934;;0.4331;;;;;;prediction;0.04311;;;;;;;;;;;;
61157;2026;04;27;prediction;0.0946;;0.4340;;;;;;prediction;0.04268;;;;;;;;;;;;
61158;2026;04;28;prediction;0.0958;;0.4348;;;;;;prediction;0.04220;;;;;;;;;;;;
61159;2026;04;29;prediction;0.0970;;0.4356;;;;;;prediction;0.04175;;;;;;;;;;;;
61160;2026;04;30;prediction;0.0983;;0.4364;;;;;;prediction;0.04141;;;;;;;;;;;;
61161;2026;05;01;prediction;0.0995;;0.4372;;;;;;prediction;0.04122;;;;;;;;;;;;
61162;2026;05;02;prediction;0.1008;;0.4380;;;;;;prediction;0.04124;;;;;;;;;;;;
61163;2026;05;03;prediction;0.1021;;0.4387;;;;;;prediction;0.04152;;;;;;;;;;;;
61164;2026;05;04;prediction;0.1033;;0.4394;;;;;;prediction;0.04201;;;;;;;;;;;;
61165;2026;05;05;prediction;0.1047;;0.4402;;;;;;prediction;0.04261;;;;;;;;;;;;
61166;2026;05;06;prediction;0.1060;;0.4408;;;;;;prediction;0.04326;;;;;;;;;;;;
61167;2026;05;07;prediction;0.1073;;0.4415;;;;;;prediction;0.04389;;;;;;;;;;;;
61168;2026;05;08;prediction;0.1086;;0.4421;;;;;;prediction;0.04439;;;;;;;;;;;;
61169;2026;05;09;prediction;0.1100;;0.4428;;;;;;prediction;0.04473;;;;;;;;;;;;
61170;2026;05;10;prediction;0.1114;;0.4434;;;;;;prediction;0.04481;;;;;;;;;;;;
61171;2026;05;11;prediction;0.1127;;0.4440;;;;;;prediction;0.04460;;;;;;;;;;;;
61172;2026;05;12;prediction;0.1141;;0.4445;;;;;;prediction;0.04422;;;;;;;;;;;;
61173;2026;05;13;prediction;0.1155;;0.4451;;;;;;prediction;0.04372;;;;;;;;;;;;
61174;2026;05;14;prediction;0.1169;;0.4456;;;;;;prediction;0.04318;;;;;;;;;;;;
61175;2026;05;15;prediction;0.1184;;0.4461;;;;;;prediction;0.04275;;;;;;;;;;;;
61176;2026;05;16;prediction;0.1198;;0.4465;;;;;;prediction;0.04259;;;;;;;;;;;;
61177;2026;05;17;prediction;0.1212;;0.4470;;;;;;prediction;0.04280;;;;;;;;;;;;
61178;2026;05;18;prediction;0.1227;;0.4474;;;;;;prediction;0.04331;;;;;;;;;;;;
61179;2026;05;19;prediction;0.1241;;0.4478;;;;;;prediction;0.04394;;;;;;;;;;;;
61180;2026;05;20;prediction;0.1256;;0.4482;;;;;;prediction;0.04454;;;;;;;;;;;;
61181;2026;05;21;prediction;0.1270;;0.4486;;;;;;prediction;0.04499;;;;;;;;;;;;
61182;2026;05;22;prediction;0.1285;;0.4489;;;;;;prediction;0.04512;;;;;;;;;;;;
61183;2026;05;23;prediction;0.1300;;0.4492;;;;;;prediction;0.04513;;;;;;;;;;;;
61184;2026;05;24;prediction;0.1315;;0.4495;;;;;;prediction;0.04497;;;;;;;;;;;;
61185;2026;05;25;prediction;0.1330;;0.4498;;;;;;prediction;0.04477;;;;;;;;;;;;
61186;2026;05;26;prediction;0.1345;;0.4501;;;;;;prediction;0.04454;;;;;;;;;;;;
61187;2026;05;27;prediction;0.1360;;0.4503;;;;;;prediction;0.04444;;;;;;;;;;;;
61188;2026;05;28;prediction;0.1375;;0.4505;;;;;;prediction;0.04460;;;;;;;;;;;;
61189;2026;05;29;prediction;0.1390;;0.4507;;;;;;prediction;0.04498;;;;;;;;;;;;
61190;2026;05;30;prediction;0.1405;;0.4508;;;;;;prediction;0.04562;;;;;;;;;;;;
61191;2026;05;31;prediction;0.1420;;0.4510;;;;;;prediction;0.04646;;;;;;;;;;;;
61192;2026;06;01;prediction;0.1435;;0.4511;;;;;;prediction;0.04743;;;;;;;;;;;;
61193;2026;06;02;prediction;0.1450;;0.4512;;;;;;prediction;0.04852;;;;;;;;;;;;
61194;2026;06;03;prediction;0.1465;;0.4512;;;;;;prediction;0.04962;;;;;;;;;;;;
61195;2026;06;04;prediction;0.1480;;0.4513;;;;;;prediction;0.05060;;;;;;;;;;;;
61196;2026;06;05;prediction;0.1496;;0.4513;;;;;;prediction;0.05144;;;;;;;;;;;;
61197;2026;06;06;prediction;0.1511;;0.4513;;;;;;prediction;0.05215;;;;;;;;;;;;
61198;2026;06;07;prediction;0.1526;;0.4512;;;;;;prediction;0.05261;;;;;;;;;;;;
61199;2026;06;08;prediction;0.1541;;0.4512;;;;;;prediction;0.05281;;;;;;;;;;;;
61200;2026;06;09;prediction;0.1556;;0.4511;;;;;;prediction;0.05295;;;;;;;;;;;;
61201;2026;06;10;prediction;0.1571;;0.4510;;;;;;prediction;0.05309;;;;;;;;;;;;
61202;2026;06;11;prediction;0.1586;;0.4509;;;;;;prediction;0.05327;;;;;;;;;;;;
61203;2026;06;12;prediction;0.1601;;0.4508;;;;;;prediction;0.05372;;;;;;;;;;;;
61204;2026;06;13;prediction;0.1616;;0.4506;;;;;;prediction;0.05434;;;;;;;;;;;;
61205;2026;06;14;prediction;0.1631;;0.4504;;;;;;prediction;0.05522;;;;;;;;;;;;
61206;2026;06;15;prediction;0.1646;;0.4502;;;;;;prediction;0.05625;;;;;;;;;;;;
61207;2026;06;16;prediction;0.1661;;0.4499;;;;;;prediction;0.05737;;;;;;;;;;;;
61208;2026;06;17;prediction;0.1676;;0.4497;;;;;;prediction;0.05837;;;;;;;;;;;;
61209;2026;06;18;prediction;0.1690;;0.4494;;;;;;prediction;0.05919;;;;;;;;;;;;
61210;2026;06;19;prediction;0.1705;;0.4491;;;;;;prediction;0.05977;;;;;;;;;;;;
61211;2026;06;20;prediction;0.1720;;0.4488;;;;;;prediction;0.06016;;;;;;;;;;;;
61212;2026;06;21;prediction;0.1734;;0.4484;;;;;;prediction;0.06045;;;;;;;;;;;;
61213;2026;06;22;prediction;0.1748;;0.4481;;;;;;prediction;0.06073;;;;;;;;;;;;
61214;2026;06;23;prediction;0.1763;;0.4477;;;;;;prediction;0.06111;;;;;;;;;;;;
61215;2026;06;24;prediction;0.1777;;0.4472;;;;;;prediction;0.06155;;;;;;;;;;;;
61216;2026;06;25;prediction;0.1791;;0.4468;;;;;;prediction;0.06214;;;;;;;;;;;;
61217;2026;06;26;prediction;0.1805;;0.4463;;;;;;prediction;0.06294;;;;;;;;;;;;
61218;2026;06;27;prediction;0.1819;;0.4459;;;;;;prediction;0.06394;;;;;;;;;;;;
61219;2026;06;28;prediction;0.1833;;0.4454;;;;;;prediction;0.06504;;;;;;;;;;;;
61220;2026;06;29;prediction;0.1847;;0.4448;;;;;;prediction;0.06623;;;;;;;;;;;;
61221;2026;06;30;prediction;0.1860;;0.4443;;;;;;prediction;0.06737;;;;;;;;;;;;
61222;2026;07;01;prediction;0.1874;;0.4437;;;;;;prediction;0.06847;;;;;;;;;;;;
61223;2026;07;02;prediction;0.1887;;0.4431;;;;;;prediction;0.06951;;;;;;;;;;;;
61224;2026;07;03;prediction;0.1901;;0.4425;;;;;;prediction;0.07033;;;;;;;;;;;;
61225;2026;07;04;prediction;0.1914;;0.4419;;;;;;prediction;0.07103;;;;;;;;;;;;
61226;2026;07;05;prediction;0.1927;;0.4412;;;;;;prediction;0.07148;;;;;;;;;;;;
61227;2026;07;06;prediction;0.1940;;0.4406;;;;;;prediction;0.07171;;;;;;;;;;;;
61228;2026;07;07;prediction;0.1952;;0.4399;;;;;;prediction;0.07181;;;;;;;;;;;;
61229;2026;07;08;prediction;0.1965;;0.4392;;;;;;prediction;0.07190;;;;;;;;;;;;
61230;2026;07;09;prediction;0.1977;;0.4385;;;;;;prediction;0.07213;;;;;;;;;;;;
61231;2026;07;10;prediction;0.1990;;0.4377;;;;;;prediction;0.07252;;;;;;;;;;;;
61232;2026;07;11;prediction;0.2002;;0.4369;;;;;;prediction;0.07319;;;;;;;;;;;;
61233;2026;07;12;prediction;0.2014;;0.4362;;;;;;prediction;0.07410;;;;;;;;;;;;
61234;2026;07;13;prediction;0.2026;;0.4354;;;;;;prediction;0.07509;;;;;;;;;;;;
61235;2026;07;14;prediction;0.2037;;0.4345;;;;;;prediction;0.07602;;;;;;;;;;;;
61236;2026;07;15;prediction;0.2049;;0.4337;;;;;;prediction;0.07677;;;;;;;;;;;;
61237;2026;07;16;prediction;0.2060;;0.4328;;;;;;prediction;0.07726;;;;;;;;;;;;
61238;2026;07;17;prediction;0.2071;;0.4320;;;;;;prediction;0.07749;;;;;;;;;;;;
61239;2026;07;18;prediction;0.2082;;0.4311;;;;;;prediction;0.07761;;;;;;;;;;;;
61240;2026;07;19;prediction;0.2093;;0.4302;;;;;;prediction;0.07777;;;;;;;;;;;;
61241;2026;07;20;prediction;0.2103;;0.4292;;;;;;prediction;0.07803;;;;;;;;;;;;
61242;2026;07;21;prediction;0.2114;;0.4283;;;;;;prediction;0.07851;;;;;;;;;;;;
61243;2026;07;22;prediction;0.2124;;0.4273;;;;;;prediction;0.07917;;;;;;;;;;;;
61244;2026;07;23;prediction;0.2134;;0.4264;;;;;;prediction;0.08009;;;;;;;;;;;;
61245;2026;07;24;prediction;0.2143;;0.4254;;;;;;prediction;0.08121;;;;;;;;;;;;
61246;2026;07;25;prediction;0.2153;;0.4244;;;;;;prediction;0.08260;;;;;;;;;;;;
61247;2026;07;26;prediction;0.2162;;0.4234;;;;;;prediction;0.08408;;;;;;;;;;;;
61248;2026;07;27;prediction;0.2171;;0.4223;;;;;;prediction;0.08559;;;;;;;;;;;;
61249;2026;07;28;prediction;0.2180;;0.4213;;;;;;prediction;0.08715;;;;;;;;;;;;
61250;2026;07;29;prediction;0.2189;;0.4202;;;;;;prediction;0.08856;;;;;;;;;;;;
61251;2026;07;30;prediction;0.2197;;0.4192;;;;;;prediction;0.08981;;;;;;;;;;;;
61252;2026;07;31;prediction;0.2206;;0.4181;;;;;;prediction;0.09084;;;;;;;;;;;;
61253;2026;08;01;prediction;0.2214;;0.4170;;;;;;prediction;0.09160;;;;;;;;;;;;
61254;2026;08;02;prediction;0.2221;;0.4159;;;;;;prediction;0.09212;;;;;;;;;;;;
61255;2026;08;03;prediction;0.2229;;0.4148;;;;;;prediction;0.09250;;;;;;;;;;;;
61256;2026;08;04;prediction;0.2236;;0.4136;;;;;;prediction;0.09286;;;;;;;;;;;;
61257;2026;08;05;prediction;0.2243;;0.4125;;;;;;prediction;0.09326;;;;;;;;;;;;
61258;2026;08;06;prediction;0.2250;;0.4113;;;;;;prediction;0.09388;;;;;;;;;;;;
61259;2026;08;07;prediction;0.2257;;0.4102;;;;;;prediction;0.09474;;;;;;;;;;;;
61260;2026;08;08;prediction;0.2263;;0.4090;;;;;;prediction;0.09580;;;;;;;;;;;;
61261;2026;08;09;prediction;0.2269;;0.4078;;;;;;prediction;0.09695;;;;;;;;;;;;
61262;2026;08;10;prediction;0.2275;;0.4066;;;;;;prediction;0.09806;;;;;;;;;;;;
61263;2026;08;11;prediction;0.2281;;0.4054;;;;;;prediction;0.09907;;;;;;;;;;;;
61264;2026;08;12;prediction;0.2286;;0.4042;;;;;;prediction;0.09976;;;;;;;;;;;;
61265;2026;08;13;prediction;0.2292;;0.4030;;;;;;prediction;0.10016;;;;;;;;;;;;
61266;2026;08;14;prediction;0.2296;;0.4017;;;;;;prediction;0.10040;;;;;;;;;;;;
61267;2026;08;15;prediction;0.2301;;0.4005;;;;;;prediction;0.10052;;;;;;;;;;;;
61268;2026;08;16;prediction;0.2305;;0.3993;;;;;;prediction;0.10072;;;;;;;;;;;;
61269;2026;08;17;prediction;0.2310;;0.3980;;;;;;prediction;0.10109;;;;;;;;;;;;
61270;2026;08;18;prediction;0.2313;;0.3967;;;;;;prediction;0.10166;;;;;;;;;;;;
61271;2026;08;19;prediction;0.2317;;0.3955;;;;;;prediction;0.10245;;;;;;;;;;;;
61272;2026;08;20;prediction;0.2320;;0.3942;;;;;;prediction;0.10344;;;;;;;;;;;;
61273;2026;08;21;prediction;0.2324;;0.3929;;;;;;prediction;0.10466;;;;;;;;;;;;
61274;2026;08;22;prediction;0.2326;;0.3917;;;;;;prediction;0.10605;;;;;;;;;;;;
61275;2026;08;23;prediction;0.2329;;0.3904;;;;;;prediction;0.10742;;;;;;;;;;;;
61276;2026;08;24;prediction;0.2331;;0.3891;;;;;;prediction;0.10876;;;;;;;;;;;;
61277;2026;08;25;prediction;0.2333;;0.3878;;;;;;prediction;0.11002;;;;;;;;;;;;
61278;2026;08;26;prediction;0.2335;;0.3865;;;;;;prediction;0.11103;;;;;;;;;;;;
61279;2026;08;27;prediction;0.2337;;0.3852;;;;;;prediction;0.11178;;;;;;;;;;;;
61280;2026;08;28;prediction;0.2338;;0.3839;;;;;;prediction;0.11229;;;;;;;;;;;;
61281;2026;08;29;prediction;0.2339;;0.3826;;;;;;prediction;0.11261;;;;;;;;;;;;
61282;2026;08;30;prediction;0.2340;;0.3813;;;;;;prediction;0.11275;;;;;;;;;;;;
61283;2026;08;31;prediction;0.2340;;0.3800;;;;;;prediction;0.11287;;;;;;;;;;;;
61284;2026;09;01;prediction;0.2340;;0.3787;;;;;;prediction;0.11305;;;;;;;;;;;;
61285;2026;09;02;prediction;0.2340;;0.3774;;;;;;prediction;0.11339;;;;;;;;;;;;
61286;2026;09;03;prediction;0.2340;;0.3761;;;;;;prediction;0.11396;;;;;;;;;;;;
61287;2026;09;04;prediction;0.2339;;0.3748;;;;;;prediction;0.11474;;;;;;;;;;;;
61288;2026;09;05;prediction;0.2338;;0.3735;;;;;;prediction;0.11565;;;;;;;;;;;;
61289;2026;09;06;prediction;0.2337;;0.3722;;;;;;prediction;0.11654;;;;;;;;;;;;
61290;2026;09;07;prediction;0.2336;;0.3709;;;;;;prediction;0.11724;;;;;;;;;;;;
61291;2026;09;08;prediction;0.2334;;0.3697;;;;;;prediction;0.11777;;;;;;;;;;;;
61292;2026;09;09;prediction;0.2332;;0.3684;;;;;;prediction;0.11808;;;;;;;;;;;;
61293;2026;09;10;prediction;0.2330;;0.3671;;;;;;prediction;0.11813;;;;;;;;;;;;
61294;2026;09;11;prediction;0.2327;;0.3658;;;;;;prediction;0.11804;;;;;;;;;;;;
61295;2026;09;12;prediction;0.2325;;0.3645;;;;;;prediction;0.11791;;;;;;;;;;;;
61296;2026;09;13;prediction;0.2322;;0.3632;;;;;;prediction;0.11774;;;;;;;;;;;;
61297;2026;09;14;prediction;0.2318;;0.3620;;;;;;prediction;0.11770;;;;;;;;;;;;
61298;2026;09;15;prediction;0.2315;;0.3607;;;;;;prediction;0.11791;;;;;;;;;;;;
61299;2026;09;16;prediction;0.2311;;0.3595;;;;;;prediction;0.11827;;;;;;;;;;;;
61300;2026;09;17;prediction;0.2307;;0.3582;;;;;;prediction;0.11879;;;;;;;;;;;;
61301;2026;09;18;prediction;0.2303;;0.3570;;;;;;prediction;0.11939;;;;;;;;;;;;
61302;2026;09;19;prediction;0.2298;;0.3557;;;;;;prediction;0.12003;;;;;;;;;;;;
61303;2026;09;20;prediction;0.2293;;0.3545;;;;;;prediction;0.12058;;;;;;;;;;;;
61304;2026;09;21;prediction;0.2288;;0.3533;;;;;;prediction;0.12103;;;;;;;;;;;;
61305;2026;09;22;prediction;0.2283;;0.3520;;;;;;prediction;0.12136;;;;;;;;;;;;
61306;2026;09;23;prediction;0.2278;;0.3508;;;;;;prediction;0.12159;;;;;;;;;;;;
61307;2026;09;24;prediction;0.2272;;0.3496;;;;;;prediction;0.12155;;;;;;;;;;;;
61308;2026;09;25;prediction;0.2266;;0.3485;;;;;;prediction;0.12132;;;;;;;;;;;;
